ids,bday,enrolldate,expgradate,Rank,Major,Gender,Athlete,Height,Weight,Smoking,Sprint,MileMinDur,English,Reading,Math,Writing,State,LiveOnCampus,HowCommute,CommuteTime,SleepTime,StudyTime
43783,3/22/1995, , , , ,0,0,72.35, ,0,7.978, ,88.24,81.5,60.02,81.44,In state,1, , ,7,1
20278,1/1/1995, , , ,Philosophy,0,0,70.66,179.2,0,8.004,0:06:21,89.45,85.25,70.19,73.27, ,1, , ,5,2
20389,12/31/1994, , , , ,0,0,70.68,198.52,0, ,0:07:00,96.73,86.88,71.2,84.24,In state, , , ,8,7
22820,12/1/1994, , , ,business administration,1,0, ,198.34, ,8.473,0:12:44,74.06,88.68,55.89,73.16,In state,1, , ,2,6
24559,11/10/1994, , , , ,1,1,67.43,128.17,2, ,0:06:25,82.61,77.3,65.52,80.45,Out of state,1, , ,7,3
28980,9/17/1994, , , ,astrophysics,0,1,68.45,171.61,0,4.65,0:07:24,70.1, ,61.4,77.48,In state,1, , ,8,3
33312,7/27/1994, , , ,Anthropology,0,1,68.56,163.96,0,4.75,0:05:47,78.98,87.53,76.71,70.79,In state,1, , ,9,9
40274,5/3/1994, , , ,American History,0,1,71.91,222.87,0, ,0:05:40, ,67.31,58.64,65.89,In state,0, , ,8,3
40390,4/30/1994, , , ,Africana studies,1,1,68.84,154.7,0,6.279,0:06:51,75.65,76.54,51.14,75.94,In state,0,3,26, ,3
28942,9/17/1993, , , , ,1,1,66.69,180.57,0,6.076,0:06:37,68.27,93.88,55.2,78.18,Out of state, ,1,13,2,15
29045,9/17/1993, , , ,French,0,0,70.12,164.59,0,8.498,0:09:22,86,91.34,64.41,71.02,Out of state,0,3,20,1,6
35676,6/27/1993, , , ,history,1,1,66.91,177.89, , ,0:06:36,79.94,76.74,62.53,84.78,In state,1, , ,4,0
38764,5/22/1993, , , , ,0,1,65.21,139.95,0,4.661,0:06:17,101.95,74.45,66.8,88.5,In state,0,3,29,4,2
39796,5/8/1993, , , , ,1,0,72.35,230.27,2,7.312,0:09:05,88.97,86.53,52.48,81.21,Out of state,0,3,38,4,2
41092,4/23/1993, , , ,"engineering, undecided",0,0,67.12,261.92,0,7.113,0:10:26,91.79,84.44,66.76,88.03,In state,1, , ,4,11
43344,3/26/1993, , , ,Fine Arts (Painting),0,0, ,132.69,1,7.443,0:08:19,70.42,85.29,57.95,79.22,In state,1, , ,9, 
49688,1/8/1993, , , ,education,0,0,79, ,0, ,0:06:46,97.23, ,67.72,84.35,In state,1, , ,13, 
37701,6/2/1992, , , , ,1,1,63.12, ,2,6.499,0:06:53,85.71,78.06,66.83,82.99,In state,1, , ,6,1
44116,3/16/1992, , , ,Exorcise Science,1,0,69.25,183.68, , ,0:08:14,82.99,74.41,61.4,81.12,In state,1, , ,5,15
25871,10/26/1991, , , ,saxophone,0,1, ,148.82,0,4.524,0:06:11,83.95,74.02,74.92,64.06,In state,0,3,27,4, 
26154,10/22/1991, , , ,mathematics,1,0,58.8,128.73,0,6.737,0:08:17,74.88,79.61,51.3,79.64,In state,0,1,21,2,7
41291,4/21/1991, , , , ,0,1,71.67,205.62,0,4.89,0:06:34,84.67,79.64,60.85,76.77,Out of state,0,3,24,9,6
46752,2/13/1991, , , ,Education Administration,1,0,61.94,179.64,2,7.013,0:08:29,99.51,95.81,68.91,84.19,In state,1, , ,3,9
20183,1/3/1991, , , ,Creative writing,0,0,66.92,192.61,0,7.407,0:07:47,83.3,82.98,68.82,75.49,In state,0,3,34,6,5
23643,11/22/1990, , , , ,0,1, , ,0, , ,80.86,75.15,75.69,81.12, ,0,3,33,5,6
40303,5/2/1990, , , , ,1,0,59.59,186.4,0, , ,84.67,87.04,73.94,87.61, ,0,3,20,3,4
27496,10/6/1988, , , , ,1,0,67.51,251.41,0,7.035,0:07:37,74.85,70.41,65.51,83.06,In state,0,2,10,3,11
26582, , , , ,Journalism,0,1,73.71,197.09,0,4.749,0:05:19,85.67,67.62,53.06,77.68, , , , ,3,12
46919, , , , , ,1,1,72.26,166.04,0,5.381, ,82.56,77.19,60.73,83.54,In state,0,3,21,3,6
20230,1/2/1996,4-Aug-2014,11-May-2020,1,pre-pharma,0,1,80.11, ,0,5.203,0:07:34,81.6,75.6,65.36,76.07,In state,1, , ,8,3
21083,12/22/1995,4-Aug-2014,11-May-2020,1, ,1,0,72.05,234.64,0,6.746,0:07:06,78.85,86.92,68.53,71.42,In state,0,3,26,5,3
21939,12/12/1995,4-Aug-2014,11-May-2020,1, ,0,1,66.09, ,0,5.326,0:07:28,87.7,81.1,61.61, ,In state,0,3,39,6,5
23017,11/29/1995,4-Aug-2014,11-May-2020,1, , ,0,71.72,224.57,0,7.638,0:05:55,76.63,84.19,65.25,72.61,In state,0,2,8,8,4
23217,11/26/1995,4-Aug-2014,13-May-2019,1,Pre Med,0,0,71.41,224.02,0,6.475,0:06:03,75.2,81.54,66.66,85.38,In state,0,3,31,5,5
23889,11/18/1995,4-Aug-2014,13-May-2019,1,communication,0,1,70.29,175.49,0,4.593,0:05:21,81.74,86.41,66.21,76.24,In state,1, , ,9,8
24985,11/5/1995,4-Aug-2014,13-May-2019,1,Biology,1,0,67.27, ,1,7.025,0:12:17, ,77.65,56.04, ,In state,1, , ,8,11
25382,10/31/1995,4-Aug-2014,11-May-2020,1, ,0,1,71.72,164.17,0,4.574,0:06:40,87.54,84.77,69.78,78.52,In state,0,3,27,5,3
25701,10/27/1995,4-Aug-2014,13-May-2019,1,Chemistry,1,0,62.36,163.99,0,6.136,0:07:28,83.97,85.85,57.74,83.65,In state,1, , ,6,11
26140,10/21/1995,4-Aug-2014,11-May-2020,1,Aeronautics (Air Traffic Control),1,1,69.02,195.56,0,4.634,0:05:36,83.15,83.95,77.6,89.07,Out of state,0,3,33, ,5
29142,9/15/1995,4-Aug-2014,11-May-2020,1,Soc,1,0,68.67, ,0,6.572,0:08:19,89.48,78,59.24,81.95,Out of state,1, , ,4,0
30056,9/4/1995,4-Aug-2014,11-May-2020,1,Poli Sci,0,1,72.17,175.91, , ,0:06:03,81.35,73.57,67.89,69.86,In state,1, , ,7,4
30164,9/3/1995,4-Aug-2014,11-May-2020,1, ,0,0,69.58,183.92, ,6.838,0:05:37,71.07,86.6,63.45,75.72,In state,0,3,37,7,5
30953,8/23/1995,4-Aug-2014,11-May-2020,1, ,1,0, ,118.99,0,7.875,0:09:05,72.79,71.65,68.83,78.85,In state,1, , ,8,11
31227,8/20/1995,4-Aug-2014,11-May-2020,1,art historyy,1,0,68.38,149.67,2,7.494,0:11:22,82.28,81.25,61.78,78.66,In state,1, , ,10,5
31862,8/14/1995,4-Aug-2014,13-May-2019,1, ,0,1,73.25, , ,5.625,0:08:08,75.44,86.14,59.64,76.88,In state,1, , ,3,5
32521,8/6/1995,4-Aug-2014,13-May-2019,1,Art history,0,1,77.49,230.42,0,4.979,0:08:16,76.9,85.24,75.94, ,In state,0,3,20,5,6
33055,7/30/1995,4-Aug-2014,13-May-2019,1, ,0,1,69.78, ,0,4.673, , ,74.07,57.48,73.15,In state,1, , ,5,5
33153,7/28/1995,4-Aug-2014,13-May-2019,1, , ,0,64.82,199.74,0,7.181,0:06:51, ,84.98,75.66,87.03,In state,1, , ,5,3
34417,7/12/1995,4-Aug-2014,13-May-2019,1, ,1,1,67.54, ,0,5.138,0:05:50,80.95,73.22,61,81.69,In state,0,3,28,7, 
34717,7/10/1995,4-Aug-2014,11-May-2020,1, ,0,1,76.97,157.67,0,5.887,0:06:07,76.47,80.82,68.19,78.88,In state,1, , ,7,1
35023,7/5/1995,4-Aug-2014,13-May-2019,1, ,1,0,62.46,193.87,0, ,0:09:06,94.43,87.34,79.93,79.63,Out of state,1, , ,6,19
35599,6/28/1995,4-Aug-2014,11-May-2020,1, ,0,0,67.29,218.97, ,7.323,0:09:21,74.07,73.45,63.54, ,In state,1, , ,5,3
36555,6/18/1995,4-Aug-2014,11-May-2020,1, ,0,0,72.69,253.6,2,6.716,0:06:09,70.48,85.48,65.88,71.44,In state,0,3,31,7,7
38134,5/29/1995,4-Aug-2014,13-May-2019,1,agricultural studies,0,1,64.9,194.61,0,4.873,0:08:19,84.95,81.01,62.08,71.21,In state,1, , ,6,5
38528,5/24/1995,4-Aug-2014,13-May-2019,1, ,1,0,62.42,127.89,1,7.706,0:09:32,85.24,82.77,82.14,83.03,Out of state,1, , ,2,5
38775,5/21/1995,4-Aug-2014,13-May-2019,1,Finance,0,1,70.58,152.7,0, ,0:06:01,79.64,68.83,47.62,77.11,In state,1, , ,5,5
38980,5/19/1995,4-Aug-2014,11-May-2020,1,bio,0,0,74.92,165.06,0,8.926,0:10:40,88.44,84.15,78.38,69.52,In state,0,3,27,6,5
39006,5/17/1995,4-Aug-2014,13-May-2019,1,Theare,1,1,67.56,151.53,0,6.663,0:08:28,89.49,86.13,65.3,84.68,In state, , , ,4,10
39341,5/15/1995,4-Aug-2014,13-May-2019,1, ,0,1,73.48,212.18,0,5.456,0:06:28,77.64,71.09,66.48,74.43, ,1, , ,7, 
39542,5/11/1995,4-Aug-2014,11-May-2020,1,Engineering,1,0,73.06,213.32,0,7.93,0:13:14,75.38,76.45,63.7,76.69,In state,1, , , , 
39715,5/11/1995,4-Aug-2014,11-May-2020,1,environmental policy,0,1, , ,0,4.751,0:06:00, ,80.51,70.42,74.57,In state,1, , ,9,6
40161,5/3/1995,4-Aug-2014,13-May-2019,1,Classics,1,0,61.22,197.51,0,7.296,0:07:34,87.87,91.89,77.23,86.6,Out of state,1, , ,10,1
40619,4/29/1995,4-Aug-2014,11-May-2020,1,media literacy,0,0,65.7,267.88,1,5.537,0:07:03,82.24,93.34,63.28, ,In state,1, , ,4,8
41288,4/22/1995,4-Aug-2014,11-May-2020,1, ,0,0,69.63,176.11,2,7.848, ,79.48,101.59,73.49,71.67,Out of state,1, , ,5,1
41254,4/20/1995,4-Aug-2014,11-May-2020,1,ancient studies,1,0,56.54,129.98,0,7.171,0:08:10,85.53,76.35,55.19,84.97,Out of state,1, , ,4,15
42023,4/10/1995,4-Aug-2014,11-May-2020,1, ,1,0,63.63,126.63,0,7.701,0:09:49,72.31,89.03,78.04,72.55,Out of state,0,3,33,8,1
42630,4/5/1995,4-Aug-2014,13-May-2019,1, ,0,0,84.41,350.07,0,6.646,0:08:58,71.29,83.84,68.85,76.56,In state,1, , ,2,4
42850,4/2/1995,4-Aug-2014,13-May-2019,1,Higher Ed,0,0,62.84,115.98,2,7.817, ,60.96,69.87,58.97,71.56,In state,1, , ,1,4
42769,4/1/1995,4-Aug-2014,13-May-2019,1,Psych,1,0,60.15,141.98,1, ,0:08:19,75.07,72.17,49.4,75.89,In state,1, , ,8,2
43221,3/26/1995,4-Aug-2014,11-May-2020,1, ,1,1,66.17, ,0, ,0:05:16,76.23,79.79,64.83,83.58,In state,1, , ,5,4
44088,3/18/1995,4-Aug-2014,13-May-2019,1,Music Education,0,1,75.91, ,0,4.566,0:06:46,85.34,81.42,73.51,74,In state,1, , ,8,10
44413,3/12/1995,4-Aug-2014,11-May-2020,1,Pre-med,1,0,69.43,207.72,0,8.157,0:12:40,86.85,91.25,76.93,84.01,In state,0,3,30,5,9
44517,3/11/1995,4-Aug-2014,11-May-2020,1,Environmental Science,1,1,66.07,137,0,6.826,0:07:29,69.81,70.58,35.32,70.73,In state,1, , ,5, 
46221,2/20/1995,4-Aug-2014,11-May-2020,1,liberal Studies,0,1,66.29,153.8,0,4.681,0:06:54,82.49,82.01,62.99,75.64,In state,1, , ,3,6
47050,2/6/1995,4-Aug-2014,11-May-2020,1,psycho,1,0,62.89,158.85,2,7.256,0:09:18,84.3,78.72,72.52,80.03,In state,0,3,32,3,12
47887,1/28/1995,4-Aug-2014,11-May-2020,1,photograPhy,1,1, ,151.97,0,5.527,0:06:23,86.59,79.22,57.58,70.89,In state,1, , ,4,3
48361,1/25/1995,4-Aug-2014,13-May-2019,1,sport and exercise science,0,0,83.73,206.55,0,7.817,0:09:59,95.23,76.72,69.7,82.44,In state,1, , ,5,6
49213,1/16/1995,4-Aug-2014,11-May-2020,1,Geograph,0,1,74.32,164.91,0,5.685,0:07:09,89.3,90.92,66.46,82.21,In state,1, , ,2,6
49326,1/14/1995,4-Aug-2014,13-May-2019,1, ,0,0,72.85,194.74,0,7.812,0:09:09,69.48,79.78,54.69,69.38,In state,1, , ,5,6
49155,1/13/1995,4-Aug-2014,11-May-2020,1,English,1,0,62.2,186.84,0,6.735, ,77.17,55.11,40.38,80.62,In state,1, , ,8,3
20531,12/29/1994,4-Aug-2014,13-May-2019,1, ,0,1, ,261.59,0,4.503, ,93.69,87.7,76.35,79.08,In state,1, , ,4,1
20615,12/28/1994,4-Aug-2014,11-May-2020,1,photography,1,0,66.4,167.57,0, ,0:09:49,85.44,85.49,69.92,84.34,In state,1, , ,7,6
21492,12/17/1994,4-Aug-2014,11-May-2020,1,Art Education,1,1,63.88,161.63,0,4.644,0:06:43,81.83,74.06,71.23,82.36,In state,1, , ,5,4
22069,12/10/1994,4-Aug-2014,11-May-2020,1, ,0,0,72.57,224.92,0,7.135, ,83.19,89.74,72.56,76.63, ,1, , ,3,7
22567,12/4/1994,4-Aug-2014,13-May-2019,1,sports medicine,1,1,64.43,194.01,0,4.819,0:05:38,80.07,103.62,79.17,75.56,In state,1, , ,7, 
23767,11/20/1994,4-Aug-2014,11-May-2020,1,French,0,1,66.82,166.55,0,5.654,0:06:13,77.42,79.14,60.06,76.25,In state, , , ,4,11
23937,11/17/1994,4-Aug-2014,13-May-2019,1,Theatre,1,0,62.59,139.85,2,8.865,0:10:19,83.79,87.48,57.57,81.66,In state, , , ,4,8
24153,11/15/1994,4-Aug-2014,13-May-2019,1,Education - Science,1,0,62.12,106.48,2,8.48,0:12:33,81,70.87,48.06,88.89,Out of state, ,3,23,7,4
24202,11/14/1994,4-Aug-2014,13-May-2019,1, ,1,0,57.4,164.53, ,6.839, ,79,78.47,59.89,79.02,Out of state,1, , ,8,4
24556,11/10/1994,4-Aug-2014,11-May-2020,1,finance,1,0, ,180.44,0,6.259,0:09:09,84.09,69.8, , ,In state,1, , ,8,1
24656,11/9/1994,4-Aug-2014,13-May-2019,1,interior design,1,0,67.11, ,0,8.224,0:11:47,81.68,88.16,70.56,72.53,In state,1, , ,6,3
25740,10/26/1994,4-Aug-2014,11-May-2020,1, ,1,0,66.97,154.81,0,8.285,0:10:59,82.56,89.88,81.44, ,In state,0,3,28,4,3
26435,10/18/1994,4-Aug-2014,13-May-2019,1, ,1,0,58.18,162.45,2,5.513,0:07:13,77.97,89.03,79.61,92.3,In state,1, , ,3,5
26707,10/15/1994,4-Aug-2014,11-May-2020,1,Applied Math,0,0,77.91,172.53,0,8.991,0:07:11,83.82,87.67,70.43,74.04,Out of state,0,3,23,5,3
26691,10/15/1994,4-Aug-2014,13-May-2019,1, ,1,1,63.91,149.48,0,4.895,0:07:08,85.27,77.75,69.3,75.6,Out of state,0,3,34, ,20
27539,10/4/1994,4-Aug-2014,13-May-2019,1,Graphic Design,1,0,74.57,266.78,0,6.55,0:09:13,85.43,87.7,70.57,77.46,In state,1, , ,11,1
49947,9/12/1994,4-Aug-2014,13-May-2019,1,marketting,1,1,68.32,160.54,0,5.503,0:06:48,71.12,56.53,55.43,73.56,In state,1, , ,7,9
29516,9/10/1994,4-Aug-2014,13-May-2019,1, ,1,0,62.98, ,2, ,0:08:45,83.57,84.35,74.31,80.7,In state, , , , , 
30826,8/25/1994,4-Aug-2014,13-May-2019,1, ,1,1,65.62,158.96,0, ,0:05:32,86.02,79.63,74.44,83.52,In state,0,4,53,5,2
30989,8/23/1994,4-Aug-2014,11-May-2020,1,Undecided,1,1,65.05,153.82,0, ,0:06:42,90.44,87.64,82.37, , ,0,3,36,5,1
32304,8/7/1994,4-Aug-2014,11-May-2020,1,Aerospace engineering,1,1,67.24,157.19,0,5.404,0:07:28,82.77,73.27,55.81,79.15,In state,1, , , ,2
32895,8/1/1994,4-Aug-2014,11-May-2020,1, ,0,0,61.75, ,0,7.435,0:08:54, ,76.19,70.84,82.31,In state,1, , ,6,13
34033,7/17/1994,4-Aug-2014,11-May-2020,1,Journalism,1,0,63.44,140.92,2,6.428,0:09:36,84.34, ,68.01,84.32,In state,1, , ,9,1
34800,7/7/1994,4-Aug-2014,11-May-2020,1,Math and computer science,1,1,68.42,168.86,2, ,0:07:24,74.74,73.12,54.49,78.87,Out of state,1, , , ,3
34919,7/7/1994,4-Aug-2014,11-May-2020,1,biologie,0,0,73.35, ,1, ,0:08:40,59.83,74.71,55.54,74.97,In state,1, , ,6,7
36173,6/21/1994,4-Aug-2014,13-May-2019,1,bfa music,1,1,68.37,171.67,2,6.295,0:05:54,76.98,69.59,66.05,71.83,In state,1, , ,5,4
37458,6/4/1994,4-Aug-2014,13-May-2019,1, ,1,0,60.88,148.84,0,6.747,0:07:35,80.52,81.38,67.75,82.68,In state,0,3,41,2,9
38186,5/29/1994,4-Aug-2014,11-May-2020,1,Art,0,0,69.62, ,0,7.976,0:09:02,74.88,78.19,61.91,85.39,In state,0,3,33,4,7
38365,5/27/1994,4-Aug-2014,11-May-2020,1,philosophy,0,1,66.41,175.2,0,5.808,0:07:36,77.09,79.08,60.93,76.27,Out of state,1, , ,10,5
39281,5/15/1994,4-Aug-2014,11-May-2020,1, ,0,1,72.09,184.58,0,5.653, ,87.89,93.3,70.65,75.39,In state,1, , ,4,4
39550,5/12/1994,4-Aug-2014,13-May-2019,1, ,0,1,75.17,168.11,0,5.328,0:06:29,89.24,80.79, ,78.24,In state,0,3,26,6,4
42681,4/4/1994,4-Aug-2014,13-May-2019,1,physic,0,1,67.58,192.06,1,5.771,0:08:36,69.96,78.19,68.17,78.57,In state,1, , ,7,13
42914,3/30/1994,4-Aug-2014,13-May-2019,1, ,1,1,69.92,190.62,0,6.118,0:06:44,85.06,80.56,69.25,85.2,Out of state,1, , ,4,10
43402,3/25/1994,4-Aug-2014,11-May-2020,1,Education - K-12,1,0,65.81,171.38,0,9.247,0:10:38,82.11,77.55,60.62,70.67, ,1, , ,4,5
43610,3/23/1994,4-Aug-2014,11-May-2020,1,Studio art,1,0,69.7,216.06,1,8.478,0:09:45,79.61,78.38,45.79,77.91,In state,1, , ,3,6
44736,3/11/1994,4-Aug-2014,11-May-2020,1,finance,0,1,68.62,188.81,0,5.393,0:06:39,87.96,90.1,70.07, ,In state,0,4,64,4,4
44661,3/10/1994,4-Aug-2014,11-May-2020,1,Clinical Psychology,1,0,58.31,113.11,0,8.133,0:07:23,80.84,82.97, ,83.36,In state,1, , ,6,4
45104,3/5/1994,4-Aug-2014,11-May-2020,1, ,0,0,65.29,167.51,0,7.617,0:07:44,80.64,82.78,60.13,86.08,Out of state,1, , ,6,1
45303,3/4/1994,4-Aug-2014,11-May-2020,1,journalism,0,1,76.12, ,0,5.605, ,96.42,99.42,77.14,81.3,In state, , , ,4,1
45377,3/1/1994,4-Aug-2014,13-May-2019,1,Applied math,1,0,59.56,119.99,0,6.829,0:10:11,83.6,91.38,68.61,80.35,In state,0,2,11, , 
45559,2/28/1994,4-Aug-2014,11-May-2020,1,Spanish,0,0,67.32,216.58,1,6.451,0:05:05,76.55,74.41,64.2,71.37,In state,0,3,30,7,4
45550,2/26/1994,4-Aug-2014,13-May-2019,1,businness,1,1,70.41, ,0,5.91,0:06:40,84.6,67.82,62.77,82.73,In state,0,3,32,5,4
45901,2/24/1994,4-Aug-2014,11-May-2020,1,nursing,0,1,76.76, ,0,4.741,0:07:22,78.37,83.32,65.79,81.93,In state,1, , ,10,4
46109,2/21/1994,4-Aug-2014,11-May-2020,1,Applied Mathematics,0,0,61.16,132.78,0, ,0:07:40,90.8,77.92,65.46,75.46,In state,1, , ,12,3
46808,2/12/1994,4-Aug-2014,13-May-2019,1,music - piano performance,0,0,71.79,155.62,2,7.221,0:06:55,90.18,81.7,80.51,75.58,In state,0,4,45,7,6
46968,2/10/1994,4-Aug-2014,11-May-2020,1,french,1,1,69.55,160.06,0,5.959,0:07:30,88.85,78.56,54.49,85.91,In state, , , ,7,5
48216,1/26/1994,4-Aug-2014,11-May-2020,1,chem,0,1,71.21,170.94,2, ,0:08:50,94.33,76.88,74.19,79.99,In state,1, , ,8,4
49381,1/11/1994,4-Aug-2014,13-May-2019,1, ,1,0,61.53,202.95,2, ,0:08:33,80.03,80.19,65.69,86.64,In state,0,3,35,3, 
49838,1/8/1994,4-Aug-2014,13-May-2019,1, ,0,1,71.56, ,0,5.651,0:06:33,68.97,78.16,60.06,71.87,In state,1, , ,10,7
20248,1/1/1994,4-Aug-2014,11-May-2020,1,stats, ,0,61.32,153.87,2,6.449,0:10:13,88.31,97.32,85.07,88.38,Out of state,0,3,30,5,6
24267,11/13/1993,4-Aug-2014,13-May-2019,1, ,1,0,57.01,113.66,0,6.822,0:11:05,86.13,84.98,59.08,81.71,Out of state,1, , ,4,17
25577,10/28/1993,4-Aug-2014,11-May-2020,1,psychology,1,0,67.18,178.16,2,8.138,0:11:18,91.36,77.64,59.33,89.69,In state,1, , ,7,4
25893,10/25/1993,4-Aug-2014,11-May-2020,1, ,0,1,70.33,189.23,0,5.798,0:07:02,78.84,71.03,60.19,74.68, ,0,3,31,5, 
26481,10/18/1993,4-Aug-2014,13-May-2019,1, ,0,1,73.36,181.2, ,5.707,0:06:57,64.01,76.44,68.95,73.62,Out of state,1, , ,4,11
26998,10/11/1993,4-Aug-2014,11-May-2020,1,social work,0,1,74.56,205.34,0,5.259,0:06:55,85.24,81.39,70.74, ,In state,0,3,28,3,7
27765,10/1/1993,4-Aug-2014,13-May-2019,1,history,1,1,67.71,196.48,0,5.978,0:06:54,70.26,69.19,64.17,66.76,Out of state,1, , , ,11
30426,8/31/1993,4-Aug-2014,13-May-2019,1, ,0,0,74.13,157.94,0,8.044,0:08:10,80.01, ,59.68,76.8,In state,1, , ,3, 
31807,8/14/1993,4-Aug-2014,13-May-2019,1,nursing,0,0,78.2,291.99,0,7.177,0:06:10, ,73.72,58.64,77.89,Out of state,1, , ,1,3
32219,8/9/1993,4-Aug-2014,11-May-2020,1,Family and Consumer Science,0,0,70.4,246.64,0,5.753,0:06:20,82.45,89.05,85.19,75.51,Out of state,1, , ,6, 
32187,8/9/1993,4-Aug-2014,13-May-2019,1,paralegal studies,0,1,68.88,152.39,0,4.704,0:06:24,89.08,89.63, ,72.86,In state,1, , ,6,10
32776,8/2/1993,4-Aug-2014,11-May-2020,1,english,1,0,66.04,221.5,0,8.057,0:09:47,89.33,89.86,59.7,84.88,In state, ,3,39, ,12
34019,7/18/1993,4-Aug-2014,13-May-2019,1,statistics,0,0,64.66,253.22,2, ,0:05:33,86.16,94.94,68.78,71.93,Out of state,0,3,25,10,5
34705,7/10/1993,4-Aug-2014,13-May-2019,1, ,0,0,74.58,269.38,0,6.85,0:06:27,82.95,63.56,57.54,75.98,In state,1, , ,1,7
34595,7/10/1993,4-Aug-2014,13-May-2019,1, ,1,1,65.64,151.96,0,5.544, ,93.78,83.49,66.03,77.69,Out of state,1, , ,6,4
36109,6/22/1993,4-Aug-2014,13-May-2019,1, ,1,1,69.66,168.23,0,5.162, ,82.92,81.07,64.33,81.49,Out of state,1, , ,5,4
36524,6/18/1993,4-Aug-2014,11-May-2020,1, ,0,1,74.27,167.12,2,5.707,0:07:34,75.05,71.04,54.73,72.09,In state,1, , ,5,2
38091,5/29/1993,4-Aug-2014,13-May-2019,1, ,0,1,78.68,238.64,2,5.768,0:08:34,67.03,68.43,64.06,68.87,In state,1, , ,5,8
40408,5/2/1993,4-Aug-2014,13-May-2019,1,math,0,0,73.9,181.27,0, ,0:08:35,75.66,81.97,60.76,75.2,In state,1, , ,8,8
40803,4/24/1993,4-Aug-2014,13-May-2019,1,what?,1,0,62.38,135.52,0,6.566,0:08:49,94.64,89.06,70.44,88.15,In state,1, , ,3,2
41397,4/19/1993,4-Aug-2014,11-May-2020,1,none of ur bisness!,1,0,58.93,163.72,0,6.673,0:08:18,84.86,80.98,71.64,86.86,In state,0,3,20,10,6
43142,3/30/1993,4-Aug-2014,11-May-2020,1,Forensic psych,0,0, ,174.81,0,6.348,0:06:00,96.48,81.68,63.49,85.67,In state,1, , ,1,5
44929,3/7/1993,4-Aug-2014,11-May-2020,1,Visual journalism (photojournalism),0,0,63.77,236.64,0,6.599,0:07:11,86.35,88.85,70.36,74.82,In state,1, , ,10,16
44752,3/7/1993,4-Aug-2014,11-May-2020,1,Physics,1,0,71.1,150.07,0,8.897,0:13:35,85.36,90.18,60.03,85.15,In state,1, , ,3,1
45420,3/1/1993,4-Aug-2014,11-May-2020,1,comp sci,0,1,69.77,230.59,0,4.62, ,84.4,76.6,63.42,72.67,In state,1, , , ,16
48309,1/24/1993,4-Aug-2014,13-May-2019,1,Forensics,1,0,65.62,123.84,0, ,0:08:38,80.59,94.7,74.54,84.25,In state,1, , ,10,4
48509,1/24/1993,4-Aug-2014,11-May-2020,1,marketing,0,1,66.27,119.07,0,4.556,0:06:39,79.81,77.98,65.48,83.37,In state,1, , ,6,5
48541,1/23/1993,4-Aug-2014,11-May-2020,1,business admin,0,0,74.86,267.24,0,8.899,0:08:31,90.87,76.84,71.09,80.39,In state,1, , , ,3
48591,1/22/1993,4-Aug-2014,11-May-2020,1,geology,0,1,69.09,198.92,0,4.695,0:06:27,67.77,77.46,59.51, ,In state,0,3,21,6, 
48942,1/16/1993,4-Aug-2014,13-May-2019,1,english composition,1,0,69.84,238.91,0,6.756,0:10:36,81.22,83.18,85.32, ,In state,0, , , ,9
49342,1/11/1993,4-Aug-2014,13-May-2019,1,community counseling,1,0,55.05,153.83,0,6.35,0:07:55,73.72,77.73,66.57, ,In state,1, , , , 
20680,12/27/1992,4-Aug-2014,11-May-2020,1, ,1,1,67.73,169.9,0,6.621,0:06:59,85.34,84.05,50.7, ,In state,1, , ,6,2
22425,12/6/1992,4-Aug-2014,11-May-2020,1,Criminology,1,1,65.03, , ,5.817,0:07:58,82.8,79.38,51.32,75.98,In state,0,3,28,6,4
31793,8/13/1992,4-Aug-2014,11-May-2020,1,phsycology,1,0,57.84,155.57,2,8.014,0:10:14,94.74,96.24,69.93,88.19,In state,1, , ,4,4
32415,8/7/1992,4-Aug-2014,11-May-2020,1,Elementary Education (K-6), ,1,67.98,194.94,0, ,0:06:31,87.86,75.84,65.55,77.06,In state,1, , ,6,3
34176,7/17/1992,4-Aug-2014,13-May-2019,1,CS,0,1,69.7,173.56,0,5.522,0:07:01,65.26,77.09,56.32,72.51,Out of state,1, , ,4,5
41411,4/17/1992,4-Aug-2014,11-May-2020,1,Fashion Merchandizing,1,1,66.29, ,0, ,0:07:55,86.76,74.05,48.78,91.14,Out of state,1, , ,10,5
42540,4/4/1992,4-Aug-2014,13-May-2019,1, ,1,1,65.3,153.17,0,5.36,0:07:41,75.06,79.5,59.1,76.46,Out of state,1, , ,6,6
44533,3/13/1992,4-Aug-2014,11-May-2020,1,Liberal Studies,0,0,68.09, ,0,8.755,0:11:59,98.81,80.59, ,81.6,Out of state,1, , ,10,5
45711,2/28/1992,4-Aug-2014,13-May-2019,1,chem,0,0,79.25,334.44,0,6.485,0:08:31,81.84,87.51,67.33,77.83,Out of state, ,3,22,4, 
43692,3/22/1991,4-Aug-2014,11-May-2020,1,biometrics,1,0,57.82,170.81,0, ,0:08:44,85.53,89.67,78.05, ,In state,1, , ,8,7
21606,12/17/1990,4-Aug-2014,11-May-2020,1,english,1,1,68.4,159.92,0,5.671,0:08:06,83.33,94.15,67.51,74.97,In state,1, , ,2,6
22186,12/10/1989,4-Aug-2014,11-May-2020,1,Zoology,0,0,69.97,210.45,1,8.549, ,94.41,92.48,73.18,84.32,In state,1, , , ,9
28642,9/22/1987,4-Aug-2014,11-May-2020,1,Human Development and Family Studies,1,0,65.45,150.12,0, ,0:09:23,80.82,69,62.53,82.44,In state, , , , ,10
44795,3/8/1987,4-Aug-2014,13-May-2019,1, ,1,0,69.94,240.42, ,6.598,0:09:23,93,83.23,86.66,90.94, ,1, , ,5,5
47027,2/10/1987,4-Aug-2014,13-May-2019,1, ,1,0,62.73, ,1,7.98,0:10:49,80.74,78.99,59.38,76.49,In state,1, , ,3,11
22416, ,4-Aug-2014,13-May-2019,1, ,0,1, , ,0,4.679,0:06:22,76.87,81.84,76.81,76.28,In state,0,3,32,6,2
20255,1/1/1996,5-Aug-2013,14-May-2018,2,double major english and communications,1,0,65.75, ,0,7.684,0:11:57,80.46,81.22,46.3,72.24,Out of state, ,3,26, ,2
20826,12/25/1995,5-Aug-2013,14-May-2018,2, ,0,0,66.21,227.9,0,6.229,0:06:47,77.38,67.59,66.59,76.47,In state,1, , ,9,7
22494,12/5/1995,5-Aug-2013,14-May-2018,2,premed,0,1,64.92,129.16,0,5.139,0:07:50,83.11,75.79,65.43, , , , , ,4,5
27688,10/2/1995,5-Aug-2013,14-May-2018,2,archaeology,1,0,69.41,170.86,1,7.652,0:09:32,86.99,84.61,78.33,84.56,Out of state,1, , , ,3
29363,9/12/1995,5-Aug-2013,13-May-2019,2, ,1,0,66.93,218.56, ,6.615,0:11:24,90.33,96.79,69.79,93.01,In state,1, , ,4, 
34623,7/10/1995,5-Aug-2013,14-May-2018,2, ,1,0,66.21,217.45,0,6.902,0:10:17,78.2,75.92,46.99,81.43, ,0,3,35,7,8
35350,7/1/1995,5-Aug-2013,14-May-2018,2, ,1,0,56.36,126.47,0,7.57,0:10:03,87.33,67.42,53.17,87.05,Out of state,1, , ,7,3
36655,6/16/1995,5-Aug-2013,13-May-2019,2,biostatistics,0,1,64.39,194.98,0,5.27,0:06:08,81.9,81.98,73.83,73.72,In state,0,3,24,8,6
46265,2/20/1995,5-Aug-2013,14-May-2018,2,bio tech,0,1,69.97,172.91,0,5.521,0:06:05,91.92,73.49,63.88,85.42,In state,0, , ,8, 
22617,12/4/1994,5-Aug-2013,14-May-2018,2,graphic design with a minor in photography,0,1,74.05, ,2,5.504,0:06:16,82.14,86.18,67.71,76.71,In state,1, , ,5,7
25034,11/4/1994,5-Aug-2013,14-May-2018,2,Secondary Education,1,0,66.35, ,0,7.403,0:09:17,74.68,75.42,62.08,77.96,In state,1, , ,5,3
25221,11/2/1994,5-Aug-2013,14-May-2018,2,World history,0,1,67.31,206.56,0,5.02,0:05:49,73.12,87.62,63.49,69.56,In state,1, , ,6,2
26961,10/11/1994,5-Aug-2013,13-May-2019,2, ,1,0,60.51,134.85,0,7.802,0:11:05,83.45,90.41,60.94,76.85,In state,0,3,18,5,4
27435,10/5/1994,5-Aug-2013,13-May-2019,2, ,1,0,62.32,186.5,1,6.876,0:07:59,83.83,94.87,73.25,81.85,In state,0,3,32,1,5
28084,9/29/1994,5-Aug-2013,13-May-2019,2,architecture,0,0,70.16, ,0,8.246, ,91.72,86.81,71.22,81.83,In state,1, , ,6,4
28460,9/23/1994,5-Aug-2013,14-May-2018,2,Photography/Photo Illustration,1,1,66.95,161.61,0,5.632,0:05:48,77.68,73.78,61.55,86.28,In state,1, , ,4,3
28570,9/22/1994,5-Aug-2013,13-May-2019,2, ,0,0,67.93,136.96,2, ,0:09:25,71.28,66.97,59.05,77.43,In state,1, , ,9, 
29313,9/13/1994,5-Aug-2013,14-May-2018,2,Fashion design,0,1,65.56,162.63,1,5.153,0:07:24,86.47,85.19,64.45,79.36,In state,1, , ,5,3
31189,8/21/1994,5-Aug-2013,13-May-2019,2,phys ed,0,1,75.44,205.84,0,5.886,0:06:27,81.19,89.84,68.4,81.66,In state,1, , ,8,12
31576,8/16/1994,5-Aug-2013,14-May-2018,2, ,1,1,65.02,143.05,0,5.644,0:07:00, ,80.45,66.51,72.36,In state,1, , ,8,1
32437,8/6/1994,5-Aug-2013,13-May-2019,2,education - social studies,1,0,62.28,128.98,0,6.476,0:08:35,74.59,72.61,63.64,78.86, ,0,3,18,6,1
32439,8/5/1994,5-Aug-2013,14-May-2018,2, ,1,1,65.45,149.18,0,5.472,0:07:01,91.44,96.56,76.42,87.32,Out of state,0,3,28,8,7
33117,7/28/1994,5-Aug-2013,13-May-2019,2,english literature,1,1,63.27,122.85,0,5.303,0:07:17,87.75,81.48,62.87,80.16,In state,1, , ,5,7
33377,7/25/1994,5-Aug-2013,13-May-2019,2, ,1,0,57.5,103.44,0,7.708,0:10:53,84.18,87.59,61.3,82.64,In state,1, , ,8,3
33454,7/24/1994,5-Aug-2013,14-May-2018,2, ,1,0,76.3,228.36,2,7.586,0:12:53, ,76.12,64.49,85.19,In state,0,3,37,6,4
36104,6/23/1994,5-Aug-2013,13-May-2019,2,eudcation,0,1,70.74,175.65,0,4.716,0:06:19,76.49,89.04,62.25,67.08,In state,0,3,26,1,10
36406,6/18/1994,5-Aug-2013,13-May-2019,2,Marketing & Graphic Design,1,0,68.21,219.26,0,7.337, ,82.46,98.48,60.56,78.51,In state,1, , ,4,8
36714,6/16/1994,5-Aug-2013,13-May-2019,2,busieness,0,0,69.93,199.78, ,6.905,0:07:15,95.11,94.66,73.25,77.75,In state,1, , ,6,6
36693,6/14/1994,5-Aug-2013,13-May-2019,2,Accounting,1,0,67.65,127.16,2,9.475,0:11:46,80.53,87.96,64.28,81.96,In state,1, , ,5,5
37615,6/2/1994,5-Aug-2013,14-May-2018,2,science education (k-12),1,1,68.33,156.75, ,5.769,0:07:01,76.01,79.17,65.63, ,In state,1, , ,5,7
38362,5/26/1994,5-Aug-2013,13-May-2019,2, ,0,0,74.29,184.6,0,9.071,0:12:21,90.5,84.56,68.59,73.07,In state,1, , ,4,1
38549,5/24/1994,5-Aug-2013,13-May-2019,2,chem engineering,0,0,78.55,164.79,0,8.142,0:07:58,91.2,89.95,77.45,82.24, ,0,3,24,6,3
41157,4/21/1994,5-Aug-2013,13-May-2019,2, ,1,0,73.12,159.82,0,8.512,0:12:56,77.67,92.88,76.91,78.91,Out of state,1, , ,11,4
41227,4/19/1994,5-Aug-2013,14-May-2018,2, ,1,0, ,272.51,0,7.296, ,87.73,80.22,69.55,82.11,In state,1, , ,5,8
41870,4/11/1994,5-Aug-2013,13-May-2019,2,I am currently exploring options,1,0,55,101.71,0,7.433,0:10:08,86.23,89.19,61.2,88.91,Out of state, ,3,24,9,3
42217,4/7/1994,5-Aug-2013,14-May-2018,2, , ,1,70.1,186.81,0,5.617,0:06:53,87.15,91.86,70.96,89.84,Out of state,1, , ,7,4
42783,4/3/1994,5-Aug-2013,14-May-2018,2,Neuroscience,0,0,61.66,181.77,2,7.332,0:06:52,87.71,91.03,76.42,84.27,In state,0,3,28,7,2
42830,4/2/1994,5-Aug-2013,14-May-2018,2,Econ,0,1,77.55,166.64,0,5.238,0:07:06,76.12,88.46,66.48, ,In state,0,3,28, ,2
42791,4/1/1994,5-Aug-2013,13-May-2019,2,Theology,1,0,63.52,180.09,0,9.241,0:11:24,85.62,82.48,82.4,87.1,In state,1, , ,10,5
43973,3/17/1994,5-Aug-2013,14-May-2018,2,Mathematics,1,0,74.1,212.69,2,8.429,0:10:44,80.53,94.46,76.73,86.66, ,1, , ,12,3
47506,2/3/1994,5-Aug-2013,13-May-2019,2,Biology,1,1,62.74,161.47,0, ,0:06:36,75.09,88.17,72.1,76.65, ,1, , ,8,7
49879,1/7/1994,5-Aug-2013,14-May-2018,2,exercise science,0,1,72.09,217.25,0,5.46,0:06:27,72.8,73.18,53.71,72.41,Out of state,0,3,27,6,4
20402,12/31/1993,5-Aug-2013,14-May-2018,2,biz admin,0,0,62.46,202.77,0,6.132,0:07:14,74.15,80.96,69.39,75.77,In state,0,3,30,9,7
20626,12/28/1993,5-Aug-2013,13-May-2019,2, ,1,0,57.42,179.34,2,6.619, ,73.12,81.34,69.47,78.81,In state,0,4,53,6,2
20903,12/25/1993,5-Aug-2013,13-May-2019,2, ,0,1,65.99,141.53,0,5.663,0:05:45,89.95,83.61,61.04,78.86,In state,0,3,23, ,4
22742,12/2/1993,5-Aug-2013,14-May-2018,2,sports med,1,0,74.47, ,0,7.499,0:11:33,84.14,68.46,47.42,85.33, ,1, , ,4,8
23731,11/20/1993,5-Aug-2013,13-May-2019,2,Theater,0,1,72.69,209.32,0,5.554,0:06:26,87.83,84.06,63.32,72.53,In state,0,4,57,4,3
25714,10/27/1993,5-Aug-2013,14-May-2018,2, , ,0,61.49,237.06,0,6.32,0:05:32,82.23,86.94,62.51,75.63,In state, , , , ,6
28053,9/28/1993,5-Aug-2013,13-May-2019,2,math ed,1,0,67.77,150.92,0,8.17,0:11:41,88.16,80.86,58.27,78.2,In state,1, , ,7,3
28668,9/21/1993,5-Aug-2013,13-May-2019,2,undecided,0,1,65.13,158.49,0, ,0:06:39,77.07,86.95,68.02,79.05,In state, , , ,5,12
29238,9/14/1993,5-Aug-2013,14-May-2018,2,Urban studies,0,1,76.44,195.2,0,5.232,0:06:28,86.46,91.52,74.07,78.15,In state,0,3,33,8,13
30418,8/31/1993,5-Aug-2013,13-May-2019,2,nursing, ,0,64.75,227.08,0,6.52,0:05:14,96.16,78.02,58.29,79.61, ,0,3,40,7, 
30720,8/27/1993,5-Aug-2013,14-May-2018,2,pan-african studies and english,0,0,64.83,159.95,0,6.897,0:07:47,82.06,78.72,73.13,73.33,In state,0,3,21,13,12
35687,6/26/1993,5-Aug-2013,13-May-2019,2,Sociology,1,0,57.33,108.01,0,8.525,0:10:13,81.74,83.16,46.25,84.22,In state,1, , ,8,7
36368,6/19/1993,5-Aug-2013,13-May-2019,2, ,0,1,74.96,183.16,0,4.642,0:07:31,68.77,85.45,64.91,70.19,Out of state,0,4,40,10, 
36336,6/18/1993,5-Aug-2013,14-May-2018,2,Economics,1,0,67.7,123.31,0,8.103,0:13:41,82.15,96.24,67.59,79.11,In state,0,3,26,3,4
37105,6/8/1993,5-Aug-2013,14-May-2018,2,Undecided,1,1,66.15, ,2,6.651,0:07:00,76.62,79.86,59.55,82.14,In state,0,3,24,5,3
37421,6/7/1993,5-Aug-2013,14-May-2018,2,Englis,0,1,70.36,217.99,0,5.755, , ,92.05,78.63,78.19,In state,0,4,51,4,5
37301,6/6/1993,5-Aug-2013,14-May-2018,2, ,1,0, ,180.47,2,7.623, ,90.83,90.28,66.51,78.65,Out of state,0,4,43,7,1
38418,5/25/1993,5-Aug-2013,14-May-2018,2, ,0,0,66.99,122.67,0,7.08,0:06:19,69.32,66.09,51.08,80.44,In state,1, , ,7,5
38724,5/21/1993,5-Aug-2013,13-May-2019,2,I'm not answering this. This survey is too long and I am b,1,1,62.98,159.58,0,5.536,0:06:44,80.71,80.56, ,75.48,In state,1, , ,4,4
41156,4/21/1993,5-Aug-2013,13-May-2019,2, ,1,1,66.61,172.85,0,5.083, , ,81.11,72.83,90.81, ,0,3,27,6,16
41503,4/19/1993,5-Aug-2013,13-May-2019,2, ,0,0,68.35,216.11,0,6.326,0:05:38,85.29,72.55, ,80.46,In state,1, , ,5,13
43678,3/24/1993,5-Aug-2013,14-May-2018,2,business admin, ,1,67.15,187.29,0,5.108,0:05:01,73.31,81.99,73.2,74.14,In state,1, , ,2,4
43971,3/18/1993,5-Aug-2013,13-May-2019,2, ,1,1,64.7,182.59,0,6.093,0:05:57,83.27,80.54,70.55,86.27,In state,1, , ,4, 
45902,2/24/1993,5-Aug-2013,13-May-2019,2, ,0,0,65.22,154.11,2, ,0:08:17,85.16,83.96,64.56,90.62,In state,1, , ,10,6
46663,2/13/1993,5-Aug-2013,14-May-2018,2, ,1,0,70.77,267.37,1,6.391,0:08:43,84.79,87.04,64.34,76.01,Out of state,1, , ,5,5
47339,2/4/1993,5-Aug-2013,13-May-2019,2, ,1,1,66.63,164.82,0,6.092,0:07:02,69.78,77.16,62.23,78.04,In state,0,3,32,10,13
47912,1/29/1993,5-Aug-2013,13-May-2019,2,Comm,0,0,64.31,211.65,0, ,0:08:58,88.02,81.46,57.78,80.37,Out of state,1, , ,4,4
48764,1/16/1993,5-Aug-2013,14-May-2018,2, ,1,0,60.94,198.51,2,6.29,0:06:56,85.55,88.08,72.74,89.31,In state,0,3,31,6, 
49386,1/11/1993,5-Aug-2013,13-May-2019,2,Spanish,1,0,68.33,170.81,0,8.678,0:11:25, ,70.5,57.16,90.66,In state,1, , ,6,11
27037,10/11/1992,5-Aug-2013,13-May-2019,2,botany,0,0,82.4,329.2,2,6.698,0:10:25,72.66,74.61,63.23,71.7,Out of state,1, , ,9,4
29009,9/17/1992,5-Aug-2013,13-May-2019,2,music,1,0,60.13,115.83, ,8.598, ,75.56,75.68,57.47,74.78,In state,1, , ,3,3
32224,8/9/1992,5-Aug-2013,14-May-2018,2,I want to be a doctor,0,1,75.5,212.01,0,5.031,0:08:07, ,77.85,63.79,85.42,In state,0,3,25,7,4
32712,8/3/1992,5-Aug-2013,14-May-2018,2,Exercise Science (Exercise Specialist),0,0,67.81,318.87,2,5.99,0:05:32,90.29,78.63,65.35,76.83,In state,0,3,27,3,9
37553,6/6/1992,5-Aug-2013,13-May-2019,2, ,0,0,68.22,167.04,0,8.221,0:09:50,82.86,80.98,67.23,79.49,In state,0,3,18,3,5
39290,5/14/1992,5-Aug-2013,13-May-2019,2, ,1,0,56.92,166.97, ,6.813, ,90.43,80.36,57.17,87.33, ,1, , ,8,7
40193,5/5/1992,5-Aug-2013,14-May-2018,2,  spanish language education,0,0,80.41,321.24,2,6.832,0:08:55,89.53,83.73,72.98,81.03,Out of state,1, , ,4,4
45784,2/25/1992,5-Aug-2013,13-May-2019,2, ,1,0,61.2, ,2, ,0:09:16, ,80.79, ,76.25,Out of state,0,3,27,2,5
46911,2/11/1992,5-Aug-2013,13-May-2019,2, ,1,0,76.97,269.82,0,7.153,0:11:46,77.36,80.47,72.62,89.02,In state,1, , ,5,4
47007,2/10/1992,5-Aug-2013,13-May-2019,2,it was biology but I switched to psych,1,1,64.13,153.72,0,5.551,0:07:23,83.71,83.97,69.37,81.64,In state,1, , ,6,5
48816,1/19/1992,5-Aug-2013,14-May-2018,2,Bio,1,0,67.26,182.98,2, ,0:09:57,86.89,74.5,66.02,83.58,In state,1, , ,7,5
49445,1/13/1992,5-Aug-2013,13-May-2019,2,music tech (production),0,1,80.71,206.96, ,4.93,0:06:25,93.57,85.35,66.54,82.41,In state,0,3,31,10, 
22417,12/7/1991,5-Aug-2013,13-May-2019,2,Business,1,0,57.2, ,0, ,0:07:29,83.75,81.54,51.95,77.56,In state,1, , ,13,4
26199,10/22/1991,5-Aug-2013,14-May-2018,2,bphil,1,0,64.88,162.8,0,7.99,0:12:06,83.2,76.03,54.85,85.8,In state,0,3,20,2,8
29464,9/12/1991,5-Aug-2013,14-May-2018,2,wissenschaft,1,0,66.38,124.59,0,9.597,0:13:01,85.52,80.77,50.11,83.67,In state,0,3,18, ,9
29529,9/11/1991,5-Aug-2013,13-May-2019,2,communications,1,1,69.94, ,0,4.637,0:05:51,89.68,90.6,69.89,80.68,In state,0,3,28, ,2
29757,9/9/1991,5-Aug-2013,13-May-2019,2, ,0,1,73.19,174.59,0,5.835,0:07:34,78.74,81.77,70.19,75.83,In state,0,3,20,3,9
40601,4/30/1991,5-Aug-2013,13-May-2019,2,sociology,0,1,70.38, ,0, ,0:05:26,70.35,64.6,60.57,75.92,Out of state,0,3,35,9,6
41147,4/24/1991,5-Aug-2013,14-May-2018,2, ,0,0,73.01,173.43,0, ,0:10:07,75.58,74.57,63.84, ,Out of state, , , ,4,3
47835,1/29/1991,5-Aug-2013,13-May-2019,2,Undecided,1,0,74.93,162.2,0,9.244,0:11:58,83.79,95.46,67.86,80.03,In state,1, , ,8,4
26262,10/22/1990,5-Aug-2013,14-May-2018,2,"Double major in Sociology and Psychology, minor in history",0,0,66.64,161.08,0,7.207,0:07:39,83.59,81.11,83.54,76.56,In state,0,3,28,8,11
28689,9/22/1990,5-Aug-2013,14-May-2018,2,journalism,0,0,60.49, , ,8.001,0:07:14,90.64,91.65,70.38,78.62,In state,0,3,38,10,3
39867,5/8/1990,5-Aug-2013,13-May-2019,2,biology,0,0,66.07,116.99,2,8.929, ,86.91, ,73.52,75.85,Out of state,0,3,30,8,6
22054,12/12/1989,5-Aug-2013,14-May-2018,2, ,0,1,71.67, ,0, , ,84.96,86.06,56.81,72, ,0,3,30,8,3
33017, ,5-Aug-2013,13-May-2019,2,undecided but leaning toward business,0,1,71.28,153.92,0,4.717,0:06:37,76.75,81.1,51.11,74.47,In state,1, , ,3,2
29103,9/16/1994,6-Aug-2012,14-May-2018,3,eduactaion,0,0,78.62,221.55,2, ,0:11:02,82.87,83.06,71.03,69.87,In state,0,1,18,7,9
20758,12/26/1993,6-Aug-2012,14-May-2018,3,International Bussness,0,1,64.12,173.01,0,5.005,0:06:42,79.11,83.4,64.08,84.12,In state,0,3,23,5,10
21345,12/19/1993,6-Aug-2012,14-May-2018,3,chemistry,0,1,72.81,228.27,0, ,0:05:03, ,90.42,75.93,79.71,In state,0,3,44, ,19
21389,12/19/1993,6-Aug-2012,08-May-2017,3,dance,1,1,65.39,151.53,0, ,0:08:22,78.95,79.34,64.38, ,In state,0,3,33,4,5
22961,11/30/1993,6-Aug-2012,08-May-2017,3,broadcast journalism,0,1,69.73,221.92,0,5.585,0:06:37,82.18,81.02,66.15,79.47,Out of state,0,3,40,11,6
23155,11/27/1993,6-Aug-2012,14-May-2018,3,Anthropology,1,1,69.59, ,0,5.951,0:07:18, ,84.15,73.84,85.49,In state,0,3,25,3,7
24480,11/11/1993,6-Aug-2012,08-May-2017,3,comm studies,0,1,77.19,207.04,0,5.392,0:07:15,86.69,80.53,63.2,70.74,Out of state,0,1,15,9,7
26776,10/14/1993,6-Aug-2012,08-May-2017,3,Composition,1,0,70.5,178.58,1,7.744, ,79.69,84.04,64.38,80.86,In state,0,1,12,5,10
27203,10/8/1993,6-Aug-2012,08-May-2017,3,"triple major in math, stats, and biology",1,0,77.03,220.63,0,7.423,0:09:52,89.33,95.46,82.45,86.08,In state,0,2,8,4,12
27365,10/7/1993,6-Aug-2012,08-May-2017,3,poli sci,1,0,74.4,162.16,1,8.37,0:11:35,78.66,79.62,52.03,85.68,In state,0,2,6,4,3
27958,9/30/1993,6-Aug-2012,08-May-2017,3,Pre-LawÂ ,0,0,65.68,201.31,0,6.881,0:05:07, ,88.39,70.57,78.42,Out of state,0,3,28, ,6
28874,9/18/1993,6-Aug-2012,14-May-2018,3, ,1,1,62.6,109.93,0,5.824,0:07:55,83.14,83.74,53.37,81.09,Out of state,0,3,31,10,12
29507,9/11/1993,6-Aug-2012,14-May-2018,3, ,1,0,71.39,144.7,0,8.193,0:10:43,94.85,86.33,68.35, ,In state,0, , ,5,12
30904,8/24/1993,6-Aug-2012,08-May-2017,3, ,1,0,61.94,204.23,1,6.075,0:07:41,77.66,66.99,59.6,76.33,In state,0,3,19,3,3
31160,8/20/1993,6-Aug-2012,14-May-2018,3, ,1,1,67.63,167.76,1,5.413,0:06:17,81.45,88.5,64.31,77.29,Out of state,1, , ,5,9
32069,8/11/1993,6-Aug-2012,08-May-2017,3,film studies,0,1,70.75,161.4,0,5.595,0:06:27,82.54,83.33,69.79,83.66,In state,0,4,64,6,4
32440,8/5/1993,6-Aug-2012,08-May-2017,3, ,1,1,64.1,158.74,0,4.779,0:06:13,89.73,84.52,71.87,86.49,In state,0,3,17,2,7
32657,8/4/1993,6-Aug-2012,08-May-2017,3, ,0,0,77.58, ,0,6.333,0:06:04,78.08,70.9,61.43,79.37,In state,0,3,30,3,17
33204,7/28/1993,6-Aug-2012,08-May-2017,3, ,0,1,75.38,163.87,0,5.141,0:06:28,92.32,86.05,62.61,79.61,In state,1, , ,8,3
34212,7/15/1993,6-Aug-2012,14-May-2018,3,epidemiology,1,1,69.66, ,1,5.795,0:07:34,82.98,84.31,67.97,90.9,Out of state,0,1,10,6,16
36657,6/15/1993,6-Aug-2012,14-May-2018,3,Chemstry,1,0,70.71,169.66,2,8.232,0:11:07,91.91,91.58,67.08,85.88,In state,0,3,28,3,9
37328,6/8/1993,6-Aug-2012,14-May-2018,3,jhlksjhreksh,0,1, ,216.02,2,5.867,0:06:47,88.57,83.81,63.18,75.69,In state,0,3,30,5,9
37333,6/7/1993,6-Aug-2012,14-May-2018,3,political science,1,0,64.65,150.23,0,6.566,0:07:32,89.12, ,69.9,86.33,In state,0,3,30,4,15
37881,5/30/1993,6-Aug-2012,08-May-2017,3,n/a,1,0,77.33,202.67,0,7.394,0:10:44, ,80.21,63.59,86.54,Out of state,0,3,23,6,5
38631,5/23/1993,6-Aug-2012,14-May-2018,3, ,0,1,68.07,190.81,0, ,0:06:57,94.67,94.17,81.01,86.68, ,0,3,32,7,8
39033,5/17/1993,6-Aug-2012,08-May-2017,3,biology,1,1,67.69,164.02,0,5.791, ,80.97,70.75,60.08,76.89,Out of state,0,3,28,7,9
39816,5/7/1993,6-Aug-2012,14-May-2018,3, ,1,0,63.96,185.01, ,8.274,0:09:56,78.85,85.44,62.8,76.39,Out of state,0,3,26,1,14
40662,4/29/1993,6-Aug-2012,14-May-2018,3,English with minor in spanish,0,1,76.12,220.77,2,5.671,0:07:42,81.41,74.4,65.1,76.24,Out of state,0,3,25,4,4
40916,4/25/1993,6-Aug-2012,08-May-2017,3,biotechnology,1,0,70.5,275.79,0,7.276,0:10:42,91.25,97.69,77.73,83.53,Out of state,0,3,27,6, 
42216,4/9/1993,6-Aug-2012,08-May-2017,3,nursing,0,0,69.66,148.39,1,7.767,0:08:26,87.73,80.76,54.12,71.37,Out of state,0,3,25,2,4
42474,4/6/1993,6-Aug-2012,14-May-2018,3,epidemeology,1,0,67.65,215.38,0,7.266, ,81.29,84.1, ,74.3,Out of state,0,1,14,2,6
43255,3/29/1993,6-Aug-2012,08-May-2017,3,polisci,0,0,65.56,186.21,1,6.363,0:06:16,79.12,76.14,72.92,71,In state,0,3,23,7,4
48033,1/26/1993,6-Aug-2012,08-May-2017,3, ,1,1,68.84,175.69,0,4.621,0:07:11,83.89,75.34,53.49,72.11,In state,0,1,11,5, 
20243,1/2/1993,6-Aug-2012,08-May-2017,3,spanish,1,0,65.99,128.4,1,8.097,0:12:31,81.96,82.52,64.05,81.58,In state,0,3,21,3,7
22029,12/11/1992,6-Aug-2012,14-May-2018,3, ,1,1,65.17, ,0,6.33,0:06:48,78.98,91.92,74.43,77.14,Out of state,0,2,13,7,22
22147,12/9/1992,6-Aug-2012,14-May-2018,3,statistics,1,0,61.17,126.82,2,7.12,0:09:09,85.67,91.34, ,88.33,In state,0,2,4,5,15
22938,11/30/1992,6-Aug-2012,14-May-2018,3,mechanical engineering,0,0,73.84,261.08,0,6.43, ,75.56, ,57.61, ,Out of state,0,3,23,3,9
23514,11/22/1992,6-Aug-2012,08-May-2017,3,religious studies,1,0, ,115.19,2,8.314,0:10:43,87.76,80.41,46.68,83.13,Out of state,0,3,32,0,4
25866,10/25/1992,6-Aug-2012,08-May-2017,3,Geography,1,1,67.29,158.08,0,6.212,0:07:01,77.78,85.61,65.15,76.63,In state,0,3,27,5,10
26223,10/20/1992,6-Aug-2012,08-May-2017,3, ,1,0,66.67,224.44,0, ,0:07:57,87.29,89.62,69.11, ,In state,0,3,39,4,17
26843,10/13/1992,6-Aug-2012,08-May-2017,3,natural science,1,0,57.24,170,0, ,0:09:27,81,86.66,69.38, ,In state,0,3,25,9,8
27177,10/9/1992,6-Aug-2012,08-May-2017,3, ,1,1,64.14, ,0,5.974,0:06:42,88.15,73.14,46.66,85.12,In state,0,3,22,7,10
27638,10/4/1992,6-Aug-2012,14-May-2018,3,graphic design,0,0,69.99,291.73,0,7.46, , ,69.84,60.41,86.99,Out of state,0,1,16,5,5
28044,9/29/1992,6-Aug-2012,08-May-2017,3,Psyc,0,0,74.37, ,0, ,0:08:40,85.18,96.12,73.09,75.36,In state,0,3,33,4,9
49806,9/22/1992,6-Aug-2012,08-May-2017,3,Art education,1,0,63.22,127.69, ,7.616,0:09:20,78.3, ,77.03,78.7,In state,1, , ,3,4
29967,9/6/1992,6-Aug-2012,08-May-2017,3,pre-med,0,0,74.28,264.16,0,6.091,0:08:06,73.27,82.94,70.89,76.99,In state,0,3,30,6,19
30337,8/31/1992,6-Aug-2012,08-May-2017,3, ,1,1,64.95,150.39,0,5.619,0:07:40,81.75,81.38,56.27,82.77,In state,0,3,27,4,8
33162,7/28/1992,6-Aug-2012,14-May-2018,3,social work,0,0, ,204.54,2,5.451,0:06:24,81.73,86.8,67.03,77.71,In state,1, , ,6,10
34690,7/8/1992,6-Aug-2012,14-May-2018,3, ,1,0,57.06,113.7,2,7.993,0:10:02,83.34,75.52,67,78.89,In state,1, , ,2,14
36009,6/25/1992,6-Aug-2012,08-May-2017,3,English - Creative writing,0,0,71.97,205.43,0,7.954, ,84.25,84.65,60.12,83.74,In state,0,2,12,5,14
38020,5/29/1992,6-Aug-2012,14-May-2018,3,creative writing,1,0,62.43,171.13,1,7.17,0:08:57,86.2,79.24,59.85,75.76, ,0,1,15,3,11
39181,5/17/1992,6-Aug-2012,08-May-2017,3, ,0,0, ,216.33,2,8.892,0:10:28,88.44,72.81,62.49,79.9,In state,0,1,18,2,6
40229,5/4/1992,6-Aug-2012,08-May-2017,3,Liberal Studies,0,0,73.37,180.81,0,7.383, ,84.12,86.28,67.47,78.8,In state,0,3,31,6,8
41425,4/17/1992,6-Aug-2012,08-May-2017,3, ,1,0,62.27,150.22,1, ,0:08:18,79.44,91.34,68.44,80.72,Out of state,0,3,31,3,7
44698,3/8/1992,6-Aug-2012,14-May-2018,3, ,1,0,65.85,137.81,0,7.135, ,83.97,80.5,69.57,84.09,In state,0,3,32,2,4
45041,3/4/1992,6-Aug-2012,08-May-2017,3, ,1,0,65.91,160.53,0, ,0:10:33,81.02,88.09,68.74,83.97,In state,0,3,27,6,10
45095,3/3/1992,6-Aug-2012,08-May-2017,3,fine arts,1,1,69.57,153.19,0,5.153, ,84.5,76.92,68,92.34,Out of state,0,3,32,6,9
45788,2/24/1992,6-Aug-2012,14-May-2018,3,Public Relations,1,1, ,165.64,0,5.772,0:05:18,83.46,87.08,64.73,85.32,In state,0,3,25,6,5
46912,2/13/1992,6-Aug-2012,14-May-2018,3, ,0,0,62.1,130.69,2,7.973,0:05:57, ,81.27, ,76.42,In state,0,3,32,7,5
47122,2/7/1992,6-Aug-2012,14-May-2018,3, ,1,0,62.01,177.3,0,7.186,0:10:38,77.71,99.35,85.57,87.08,In state,0,3,29,9,6
47676,2/3/1992,6-Aug-2012,08-May-2017,3,early childhood education,0,0, ,181.18,1,7.109,0:08:59,88.45,88.33,71.93,78.05,In state,0,3,32, ,18
48702,1/22/1992,6-Aug-2012,14-May-2018,3, ,0,0,62.46,155.3,2,7.853,0:08:13,84.65,68.73,55.84,73.04,Out of state,0,3,32,7,4
48976,1/19/1992,6-Aug-2012,14-May-2018,3, ,0,1,73.51,174.89,2,5.845,0:07:15,85.37,71.2,58.1,77.72,In state,0,3,20,4,8
49137,1/17/1992,6-Aug-2012,14-May-2018,3,Philosophey,0,1,65.37,142.54,2,5.941,0:06:40,79.81,66.57,60.05,77.09,In state,0,1,16,7,9
49165,1/16/1992,6-Aug-2012,14-May-2018,3, , ,1,66.32,185.9,2,5.846,0:07:11,90.18,91.35,61.72,75.24,In state,0,3,26,4,9
49931,1/8/1992,6-Aug-2012,14-May-2018,3, ,0,1,67.55,158.7,0,5.14,0:06:01,84.34, ,63.7,75.77,In state,0,4,62,5,10
23871,11/20/1991,6-Aug-2012,14-May-2018,3,military history,0,0, ,297.21,0,6.992,0:08:07,100.78,73.73,60.88,83.99,In state,0,3,22,4,6
26771,10/15/1991,6-Aug-2012,14-May-2018,3,Special Education,1,1,68.09,124.09,1,6.641,0:08:41,92.2,83.69,69.35,91.78,In state,0,3,24,4, 
30329,9/2/1991,6-Aug-2012,14-May-2018,3, ,0,0,67.99,215.85,2,6.082,0:06:44,82.28,81.52,65.08,77.4,In state,0,3,20,5,14
31549,8/18/1991,6-Aug-2012,08-May-2017,3,sports medicine,0,0,71.31,244.67,0,7.452,0:07:57,76.51,80.59,71.18,84.17,Out of state,0,2,10,5, 
35681,6/28/1991,6-Aug-2012,14-May-2018,3,Arcitecture,1,0,60.84,106.97,0,7.374, ,85.45,82.44,46.14,76.75,In state,0,3,29,9,12
36100,6/23/1991,6-Aug-2012,14-May-2018,3, ,0,0,65.51,214.6,0,6.798,0:08:40,95.86,81.47,65.64,87.96,In state,0,3,24,4,16
36863,6/13/1991,6-Aug-2012,08-May-2017,3, ,1,1,65.86,154.31,0,5.079,0:07:58,89.37,82.52,60.47, ,In state,0,3,35,5,9
49821,5/24/1991,6-Aug-2012,08-May-2017,3,Biology (Pre-med),1,1,68.23,164.31,1,5.637,0:07:48,71.93,67.04,62.64, ,Out of state,0,3,32,4, 
41406,4/19/1991,6-Aug-2012,14-May-2018,3,spanish and french,1,0,59.68, ,0,7.136,0:09:53,83.86,74.11,61.29,82.26,In state,0,2,8,6,9
46722,2/13/1991,6-Aug-2012,14-May-2018,3,physik,1,1,71.8,152.03,1,6.481,0:08:12,97.49,78.84,64.89,88.09, ,0,3,21, ,10
48295,1/25/1991,6-Aug-2012,14-May-2018,3, ,1,0,64.87,203.55,0,6.895,0:07:49,84.41,84.5,72.06,91.38,In state,0,3,24,3,19
21256,12/21/1990,6-Aug-2012,14-May-2018,3,Pre-law,1,0,63.02,201.87,0,8.232,0:08:36,77.96,80.23,56.93,77.73,In state,0,3,22, ,6
24904,11/6/1990,6-Aug-2012,14-May-2018,3, ,1,0,58.69,135.69,0,7.024,0:07:38,86.8,83.24,64.88,86.69,In state,0,3,38,6,8
25251,11/3/1990,6-Aug-2012,14-May-2018,3,management,0,1,74.23, ,0,4.631,0:06:16,93.63,98.19,79.65,73.97,In state,1, , ,4,4
26034,10/24/1990,6-Aug-2012,08-May-2017,3,aaaaaaaaaaaaaa,1,1,66.63,153.12,0, ,0:07:44,89.29,96.8,93.78,88.77,Out of state,0,3,22,7,10
30424,9/1/1990,6-Aug-2012,14-May-2018,3, ,0,0,74.45,190.46,0,8.047,0:05:59,79.59,83.55,67.99,73.9,Out of state,0,3,27,1,11
30968,8/24/1990,6-Aug-2012,08-May-2017,3,Geology,1,0,71.62, ,0,6.989,0:09:13,78,81.51,62.14,74.13,In state,0,3,36,3, 
31419,8/20/1990,6-Aug-2012,14-May-2018,3, ,0,0,61.1,166.91,0,6.614,0:06:39,95.81,95.42,74.81,72.48,In state,0,3,33,1,3
35048,7/5/1990,6-Aug-2012,08-May-2017,3,Performing arts,1,0,72.68,270.29,1, ,0:09:41,91.35,86.26,58.31,77.66,In state,0,3,36,3,11
36681,6/18/1990,6-Aug-2012,08-May-2017,3,Geography,0,0,61.51,153.93,2,6.769,0:06:55,87.6,85.4,60.27,73.29,In state,0,1,9,5,9
38928,5/19/1990,6-Aug-2012,08-May-2017,3,Architecture,1,0,65.76,190.53,1,7.285,0:12:39,79.14,69.98,50.42, ,In state,0,3,34,9,10
42520,4/6/1990,6-Aug-2012,08-May-2017,3,athletic training,0,0,70.79,196.86,0,7.068,0:07:32,85.68,77.2,70.87,69.61,In state,0,3,33,3,8
46857,2/13/1990,6-Aug-2012,14-May-2018,3, ,0,0,74.34,300.24,0,6.284, ,93.34,92.08,71.69,79.27,In state,0,4,53,4,11
22652,12/4/1989,6-Aug-2012,14-May-2018,3, ,1,0, ,127.17,0,7.226,0:10:28,76.69,70.11,53.54,78.82,In state,0,1,13,3,4
30070,9/5/1989,6-Aug-2012,14-May-2018,3,Education - Pre-K,0,1,74.33, , ,5.772,0:06:34,76.55,81.33,61.31,79.3,In state,0,2,9,9,9
37310,6/8/1989,6-Aug-2012,08-May-2017,3,school psych,1,1,65.75,169.13,1,4.889,0:06:39,90.76,93.96,69.55,82.52,In state,1, , , ,12
49854,2/24/1989,6-Aug-2012,08-May-2017,3, ,0,0,62.8,256.03, ,6.283,0:05:14,81.22,86.67,66.44,78.63,In state,0,3,24,7,11
32786,8/2/1988,6-Aug-2012,14-May-2018,3, ,1,0,66.03,211.24,0,6.787,0:10:21,82.95,83.26,68.23,82.78,In state,0,3,28,4,11
33358,7/26/1988,6-Aug-2012,14-May-2018,3,History,1,0, ,155.65,0, ,0:10:17,85.83,97.22,77.92,73.17,In state,0,3,27,3,8
36691,6/17/1988,6-Aug-2012,08-May-2017,3,German,0,0, , ,0,6.924,0:07:56,70.35,75.49,59.63,75.31,In state,1, , ,8,8
30268,9/3/1985,6-Aug-2012,08-May-2017,3, ,0,0,73.58,319.65,1,6.535,0:07:26,81.1,87.48,71.3,72.35,In state,0,3,22,4,11
33692, ,6-Aug-2012,08-May-2017,3,communications,0,1, ,187.8,0,5.357,0:05:18,72,80.06,70.34,74.8,Out of state,0,3,22,6,16
31434,8/19/1992,1-Aug-2011,08-May-2017,4,thaeter,0,0,61.75,182.23,2,6.801,0:05:07,92.32,91.04,73.11,73.45,In state,0,3,27,3,6
45762,2/24/1992,1-Aug-2011,09-May-2016,4,Computer Science,1,0,66.04, ,2,8.62,0:12:17,78.33,85.84,62.68,81.88,In state,0,3,25,4,13
21421,12/19/1991,1-Aug-2011,09-May-2016,4,Environmental science,1,1,63.38, ,0,5.08,0:07:26,85.87,95.07,72.42,84.3,In state,0,2,10,4,8
21610,12/17/1991,1-Aug-2011,08-May-2017,4,Paleontology,0,1,72.05,177,0,5.124,0:05:51,94.38,89.54,82.12,82.54,In state,0,3,28,3,12
22240,12/9/1991,1-Aug-2011,08-May-2017,4,biomed engineering,1,1,66.35,138.24,0, ,0:07:17,86.28,88.13,62.92,90.27,Out of state,0,3,25,4,13
23659,11/22/1991,1-Aug-2011,08-May-2017,4,Math,0,0,69.82,274.67,0, ,0:07:22,83.23,84.39,59.27,75.95,Out of state,0,3,28,3,6
29470,9/12/1991,1-Aug-2011,09-May-2016,4, ,1,1,68.53,143.69,0,4.77,0:06:03,75.43,79.27,66.95,76.09,Out of state,0,3,32,10,9
31575,8/18/1991,1-Aug-2011,08-May-2017,4,Latin,0,1,65.77,167.12,0,4.974,0:05:29,76.02,71.41,72.19,72.54,In state,0,3,33,5,9
32404,8/8/1991,1-Aug-2011,08-May-2017,4,Hahahaha,0,0,66.09,145.31,0,8.997,0:09:25,84.45,89.39,75.19, ,In state,0,1,21,7, 
32929,8/1/1991,1-Aug-2011,09-May-2016,4,humanities,0,1,66.63,169.6,0, , , ,78.35,55.21,70.56,Out of state,0,3,30,2, 
33022,8/1/1991,1-Aug-2011,09-May-2016,4, ,0,1,70.95,157.37,0,5.771,0:06:19,87.37,84.39,70.13,75.07,In state,0,1,9,5,12
33348,7/26/1991,1-Aug-2011,08-May-2017,4, ,1,1,66.68,144.26,0,6.16,0:06:27,82.61,76.39,53.91,85.18,Out of state,1, , ,3,14
34469,7/14/1991,1-Aug-2011,08-May-2017,4,Spanish,0,1,73.28,186.9, ,5.341,0:07:44,87.01,83.46,61.09,79.6,Out of state,0,3,32,5,14
35684,6/29/1991,1-Aug-2011,08-May-2017,4, ,0,0, ,167.26,0,5.595,0:06:14, ,86.65,63.07,71.33,In state,0,1,10,2,7
36404,6/21/1991,1-Aug-2011,08-May-2017,4,Gender Studies,0,0,66.72,190.07,0,8.112,0:09:44, ,63.48,63.19,80.27,In state,0, , ,4, 
38644,5/25/1991,1-Aug-2011,08-May-2017,4,Computer Programming,0,0,74.8,197.22,2,8.177,0:10:26,79.38,82.64,66.51, ,Out of state,0,1,15,4,14
40900,4/27/1991,1-Aug-2011,08-May-2017,4,don't know yet,0,1,71.71,200.31,0, , ,92.22,88.87,63.82,88.8,In state,0,3,32,5,11
41762,4/17/1991,1-Aug-2011,08-May-2017,4,Forensic  science,0,1,65.45,176.93,0,5.234,0:06:45,79.18,86.06,63.77,70.28,Out of state,0,3,28,4,13
43596,3/24/1991,1-Aug-2011,09-May-2016,4,Art History,0,1,69.57,182.52,0,4.748,0:06:20,70.73,84.95,75.84,76.98,In state,0,2,7,7,11
44640,3/10/1991,1-Aug-2011,08-May-2017,4, ,1,1,66.89,127.14,0,4.81,0:07:17,83.17,95.24,69.33,78.4,In state,0,3,21,4,7
47709,2/3/1991,1-Aug-2011,09-May-2016,4,nutrition,0,0,84.16,208.06,1,8.034,0:06:25,89.25,87.09,66.9,80.91,In state,0,1,14,10,6
48238,1/28/1991,1-Aug-2011,08-May-2017,4, ,0,0,67.24,272.58,2,5.295,0:08:15,78.9,68.82,62.43,75.59,In state,0,1,20, ,12
48112,1/27/1991,1-Aug-2011,09-May-2016,4,History,1,1,66.52,166.58,0,6.364,0:07:54,77.66,87.67,75.85, ,In state,0,3,32,4,10
22167,12/10/1990,1-Aug-2011,09-May-2016,4,stage management,0,0,67.02,214.95,0,7.61,0:09:01,80.08,75.46,71.2,74.78,In state,0,3,37,4,16
23717,11/21/1990,1-Aug-2011,09-May-2016,4, ,1,0,59.25,110.62,0,7.419,0:08:17,85.03,81.98,72.9,85.7,Out of state,0,3,33,5,23
25875,10/26/1990,1-Aug-2011,08-May-2017,4, ,1,0,72.41, ,0,7.571,0:11:25,78.41,88.07,66.28,82.75, , ,3,26,8,4
26367,10/19/1990,1-Aug-2011,09-May-2016,4,Ethnomusicology,1,0,69.84,174.28,0,6.969,0:10:15,77.24,72.75,63.06,84.48,In state,0,4,59,4, 
26510,10/18/1990,1-Aug-2011,09-May-2016,4, ,0,1,66.56,196.32,0,5.002,0:07:26,99.56,85.94,80.59,79.12,In state,0,3,26,4,11
27209,10/9/1990,1-Aug-2011,08-May-2017,4, ,1,1,66.28,163.19,0,6.167, ,81.37,72.15,58.36,87.49,In state,0,3,29,3,12
29115,9/17/1990,1-Aug-2011,08-May-2017,4,athletic trainer,0,1,72.49,217.29,0,5.55,0:06:20,86.3,92.01,65.03,76.4,In state,0,2,9,5, 
31078,8/23/1990,1-Aug-2011,09-May-2016,4, ,1,0,70.85,151.98,0, ,0:13:39,82.12,69.32,58.7,84.21,In state,0,3,28,5, 
34362,7/13/1990,1-Aug-2011,09-May-2016,4, ,1,0,62.79,154.95,1,7.268,0:10:40,78.07,75.3,60.59,80.5,In state,0,3,35,7,15
34581,7/12/1990,1-Aug-2011,08-May-2017,4,nutrition,0,0,61.53, ,0,6.685,0:08:07,89.06, ,64.93,69.07,Out of state,0,3,30,0,6
34591,7/11/1990,1-Aug-2011,09-May-2016,4,Comp Sci,1,0,67.68,155.29, ,8.408,0:10:59,79.43,75.91,59.55,78.19,Out of state,0,1,11,7,18
35886,6/27/1990,1-Aug-2011,09-May-2016,4,Chemical Engineering,0,1,74.49,214.03,0,4.984,0:06:44,80.02,84.81,64.96,67.97,In state,0,3,20,6,10
37713,6/4/1990,1-Aug-2011,09-May-2016,4,fnrech,0,1,73.55,181.47,0, ,0:06:52,70.76,80.71,69.43,74.74,In state,0,1,23,3, 
39415,5/13/1990,1-Aug-2011,09-May-2016,4, ,1,0,63.11, ,0,6.96,0:10:08,83.7,82,56.14,84.95,Out of state,0,1,20,5,9
40313,5/3/1990,1-Aug-2011,09-May-2016,4, ,1,1,64.78,168.88,0,5.584,0:06:53,81.33,77.14,52.83,81.41,In state,0,3,29,3,12
41168,4/23/1990,1-Aug-2011,08-May-2017,4,HDFS,0,1,80.86,226.48,0,5.998,0:06:10,73.63,79.24,71.05,78.69,In state,0,3,24,4,10
41165,4/21/1990,1-Aug-2011,09-May-2016,4, ,1,0,73.21,161.72,0,8.783,0:13:40,80.14,86.07,74.68,88.19,Out of state,0,3,23,8,6
42826,4/3/1990,1-Aug-2011,09-May-2016,4,Political Science,0,1,66.91,156.65,1,5.648,0:07:08,83.41,86.06,77.26,79.55,In state,0,4,53,5,5
43676,3/21/1990,1-Aug-2011,08-May-2017,4, ,1,0,68.86,133.01,0,7.62,0:11:38,87,81.94,47.07,78.77,Out of state,0,3,37,3, 
44968,3/9/1990,1-Aug-2011,08-May-2017,4,psychology,0,0,80.73,225.58,0,7.079,0:06:45,88.62,78.27,68.66,77.58,In state,0,3,28,3,10
45928,2/22/1990,1-Aug-2011,09-May-2016,4, ,1,0,68.91,144.17,2,9.159,0:14:02,81.07,85.37, ,78.32,In state,0,3,38,5,10
46439,2/16/1990,1-Aug-2011,09-May-2016,4,bachelor of fine arts in theater,1,0,63.25,191.19,0,6.9,0:09:17,84.35,74.53,55.72,86.93,In state,0,1,9,6,13
48958,1/17/1990,1-Aug-2011,09-May-2016,4,Fein Arts,1,1,66.14,158.98,2,7.079,0:07:58,85.75,77.39,44.7,80.65,In state,0,3,31,8,7
49572,1/9/1990,1-Aug-2011,09-May-2016,4,Sport Medicine,1,0,60.68,122.24,2,7.747,0:09:05,75.69,78.1,47.1,79.72,In state,0,3,31,7,7
21254,12/21/1989,1-Aug-2011,09-May-2016,4, ,0,1,72.15, ,0,5.203,0:08:56,71.87,93.95, ,75.98,In state,0,3,31,8,9
23037,11/29/1989,1-Aug-2011,08-May-2017,4,Speech Pathology and Audiology,1,0,63.61,191.16,2,6.587,0:09:01, ,64.68,64.67,84.71,Out of state,0,3,32,4,4
23340,11/26/1989,1-Aug-2011,08-May-2017,4,AstronomyÂ ,1,1,64.46,134.77,0,6.177,0:08:11,75.05,88.79,85.69,83.22, ,0,3,19,4,8
24362,11/13/1989,1-Aug-2011,09-May-2016,4, ,1,0,71.35,212.08,0,7.559,0:09:04,79.1,88.78,62.85,76.6,In state,0,3,22,6,8
28328,9/26/1989,1-Aug-2011,08-May-2017,4,Elementary ed,0,0,63.07,191.58,0,7.095,0:06:12, ,89,72.63,77.47,In state,0,3,15,2,3
30139,9/4/1989,1-Aug-2011,08-May-2017,4,Accounting,0,1,76.18,208.45,0,5.115,0:07:19,86.22,79.21,68.17,72.81,In state,0,2,13,3,14
32380,8/8/1989,1-Aug-2011,08-May-2017,4,I haven't picked one yet,0,0,69.67,189.78,2,8.527,0:07:45, ,73.03,65.42,86.18,In state,0,3,27, ,16
35269,7/4/1989,1-Aug-2011,09-May-2016,4, ,0,1,71.45,144.14,0, ,0:07:29,87.17,82.29,67.32,84.23,In state,0,3,24,4,11
38872,5/19/1989,1-Aug-2011,08-May-2017,4,commm studies,1,0,60.2,183.13,2,6.111,0:09:28,83.49,84.04,76.01,87.54,In state,0,3,32,4,23
39413,5/12/1989,1-Aug-2011,08-May-2017,4, ,1,1,67.42, ,0,4.927,0:05:35,89.35,71.08,59.71,77.94,In state,0,3,32, , 
45256,3/3/1989,1-Aug-2011,09-May-2016,4,Interior design,1,1, ,174.82,2,6.486,0:07:11,84.96,90.88,59.03,79.53,In state, ,3,31,7, 
48529,1/21/1989,1-Aug-2011,08-May-2017,4,Science,1,0,67.31,154.31,0,7.819,0:11:35,84.16,80.63,64.3,83.45,Out of state,0,3,27,0, 
36563,6/17/1988,1-Aug-2011,09-May-2016,4,Marketing,1,0,66.26,151.68,0,7.036,0:10:59,83.53,80.02,66.33,84.21,In state,0,3,27,5,12
34021,7/18/1987,1-Aug-2011,08-May-2017,4,accounting,1,0, , ,0, ,0:12:55,87.72,84.99,65.31, ,In state,0,1,18,1,10
40697,4/29/1987,1-Aug-2011,09-May-2016,4, ,0,0,68.5,131.92,0,9.125,0:08:33,91.01,86.87,70.25,82.67,In state,0,3,26,6,15
34272, ,1-Aug-2011,09-May-2016,4,nursing,0,1,68.1,130.07,0, , ,81.05,85.76,58.16,81.87, ,0,3,29,6,10
33628, ,1-Aug-2011,08-May-2017,4,Nursing,1,1,69.27,157.26,2,6.905,0:08:26,75.59,85.97,66.84,79.35,In state,0,1,14,4,10
39298, ,1-Aug-2011,08-May-2017,4, ,1,1,66.68,152.33,1,6.233,0:07:13,75.65,77.24,60.24,75.23,In state,0,3,27,2,10
